"","instnm","Average.net.price.students.awarded.grant.or.scholarship.aid..2018.19..SFA1819.","Average.net.price..income.0.30.000..students.awarded.Title.IV.federal.financial.aid..2018.19..SFA1819.","Average.net.price..income.30.001.48.000..students.awarded.Title.IV.federal.financial.aid..2018.19..SFA1819.","Average.net.price..income.48.001.75.000..students.awarded.Title.IV.federal.financial.aid..2018.19..SFA1819.","Average.net.price..income.75.001.110.000..students.awarded.Title.IV.federal.financial.aid..2018.19..SFA1819.","Average.net.price..income.over.110.000..students.awarded.Title.IV.federal.financial.aid..2018.19..SFA1819.","Percent.of.full.time.first.time.undergraduates.awarded.any.financial.aid..SFA1819.","Percent.of.full.time.first.time.undergraduates.awarded.federal..state..local.or.institutional.grant.aid..SFA1819.","Average.net.price..income.30.001.48.000..students.awarded.Title.IV.federal.financial.aid..2018.19..SFA1819..1","Average.net.price..income.75.001.110.000..students.awarded.Title.IV.federal.financial.aid..2018.19..SFA1819..1","Average.net.price..income.48.001.75.000..students.awarded.Title.IV.federal.financial.aid..2018.19..SFA1819..1","Average.net.price..income.0.30.000..students.awarded.Title.IV.federal.financial.aid..2018.19..SFA1819..1","Average.net.price..income.over.110.000..students.awarded.Title.IV.federal.financial.aid..2018.19..SFA1819..1","Total.number.of.undergraduates...financial.aid.cohort..SFA1819.","Percent.of.undergraduate.students.awarded.federal..state..local..institutional.or.other.sources.of.grant.aid..SFA1819.","State.abbreviation..HD2019.","FIPS.state.code..HD2019.","Bureau.of.Economic.Analysis..BEA..regions..HD2019.","Total.price.for.in.state.students.living.on.campus.2019.20..DRVIC2019.","Total.price.for.out.of.state.students.living.on.campus.2019.20..DRVIC2019.","SAT.Evidence.Based.Reading.and.Writing.25th.percentile.score..ADM2019.","SAT.Evidence.Based.Reading.and.Writing.75th.percentile.score..ADM2019.","SAT.Math.25th.percentile.score..ADM2019.","SAT.Math.75th.percentile.score..ADM2019.","ACT.Composite.75th.percentile.score..ADM2019.","ACT.Composite.25th.percentile.score..ADM2019.","Percent.admitted...total..DRVADM2019.","Percent.admitted...total..DRVADM2018_RV.","Student.to.faculty.ratio..EF2018D_RV.","Percent.admitted...total..DRVADM2017_RV.","Percent.admitted...total..DRVADM2016_RV.","Percent.admitted...total..DRVADM2015_RV.","Percent.admitted...total..DRVADM2014_RV.","Percent.admitted...total..DRVIC2013_RV.","Percent.admitted...total..DRVIC2012_RV.","X"
"1","American University",40469,28432,22578,33158,37117,54404,75,59,NA,NA,NA,NA,NA,8285,53,"DC",11,2,67694,67694,620,700,590,690,31,27,36,32,12,29,26,35,46,43,44,NA
"2","Amherst College",16339,6079,4423,8219,24193,45700,68,62,NA,NA,NA,NA,NA,1855,60,"MA",25,1,76750,76750,650,740,660,780,34,30,11,13,7,13,14,14,14,14,13,NA
"3","Babson College",28325,16734,17996,19534,31734,48869,51,44,NA,NA,NA,NA,NA,2361,46,"MA",25,1,72378,72378,620,690,650,760,32,27,26,24,14,24,25,26,26,28,29,NA
"4","Barnard College",26649,12377,9884,16751,17830,49523,51,44,NA,NA,NA,NA,NA,2635,44,"NY",36,2,78044,78044,670,750,670,770,34,31,12,14,9,15,17,20,24,21,23,NA
"5","Baylor University",38372,26726,29849,31343,35300,42722,95,93,NA,NA,NA,NA,NA,14188,91,"TX",48,6,64880,64880,600,680,600,700,32,26,45,39,14,39,40,44,55,57,61,NA
"6","Bentley University",41582,25432,22405,29604,34455,47353,83,77,NA,NA,NA,NA,NA,4253,68,"MA",25,1,71320,71320,600,680,630,730,31,27,47,43,11,44,46,42,46,44,45,NA
"7","Binghamton University",NA,NA,NA,NA,NA,NA,75,58,15226,20907,20062,12686,25490,14021,55,"NY",36,2,28269,45859,630,700,650,740,32,29,41,40,19,40,41,42,44,43,41,NA
"8","Boston College",28354,6353,8951,17113,22285,49115,56,44,NA,NA,NA,NA,NA,9783,48,"MA",25,1,75886,75886,660,730,680,770,34,31,27,28,13,32,31,29,34,32,29,NA
"9","Boston University",29479,12903,13256,20231,31075,48048,55,49,NA,NA,NA,NA,NA,18515,49,"MA",25,1,75002,75002,650,720,690,790,34,30,19,22,10,25,29,33,35,46,49,NA
"10","Brandeis University",37264,13567,16074,20122,29713,49781,69,65,NA,NA,NA,NA,NA,3639,60,"MA",25,1,76141,76141,660,730,690,790,33,30,30,31,10,34,33,34,35,37,39,NA
"11","Brigham Young University-Provo",13340,8834,10425,12466,15362,17782,71,51,NA,NA,NA,NA,NA,31441,74,"UT",49,7,19236,19236,610,710,600,710,31,26,67,64,20,52,51,48,47,49,55,NA
"12","Brown University",27218,201,6684,11689,21634,43592,56,44,NA,NA,NA,NA,NA,7043,46,"RI",44,1,77490,77490,700,770,740,800,35,33,7,8,6,8,9,9,9,9,10,NA
"13","Bucknell University",39493,22342,20566,30416,32203,55270,59,52,NA,NA,NA,NA,NA,3597,53,"PA",42,2,75400,75400,620,700,635,730,32,28,34,33,9,31,30,25,31,30,27,NA
"14","California Institute of Technology",27438,5456,3756,8042,12788,48851,71,55,NA,NA,NA,NA,NA,948,60,"CA",6,8,74763,74763,740,760,790,800,36,35,6,7,3,8,8,9,9,11,13,NA
"15","California Polytechnic State University-San Luis Obispo",NA,NA,NA,NA,NA,NA,63,51,14680,22585,19407,12475,27103,21098,53,"CA",6,8,28927,42817,620,700,620,740,32,26,28,30,21,35,29,31,31,31,37,NA
"16","Carleton College",31547,9579,9358,16716,23290,43700,78,57,NA,NA,NA,NA,NA,2097,61,"MN",27,4,74275,74275,670,750,690,790,34,31,19,20,9,21,23,21,23,21,26,NA
"17","Carnegie Mellon University",30618,12542,13782,18276,30722,52585,58,47,NA,NA,NA,NA,NA,6589,51,"PA",42,2,74491,74491,700,760,760,800,35,33,15,17,10,22,22,24,25,25,28,NA
"18","Case Western Reserve University",35890,18708,19034,22236,29607,41895,89,85,NA,NA,NA,NA,NA,5261,81,"OH",39,3,69638,69638,640,720,700,790,34,30,27,29,11,33,35,36,38,42,54,NA
"19","Claremont McKenna College",24456,8566,6591,19009,17636,45035,52,45,NA,NA,NA,NA,NA,1324,46,"CA",6,8,76475,76475,670,730,690,780,34,31,10,9,8,10,9,11,11,12,14,NA
"20","Clemson University",NA,NA,NA,NA,NA,NA,92,88,14413,22937,18971,13698,23933,20160,74,"SC",45,5,32462,55454,620,690,610,710,32,27,51,47,16,47,51,51,52,58,63,NA
"21","Colby College",19592,2335,3467,5107,13413,38621,44,44,NA,NA,NA,NA,NA,2000,50,"ME",23,1,73600,73600,680,740,700,780,34,31,10,13,10,16,19,23,28,26,29,NA
"22","Colgate University",23503,9752,8958,16525,24299,44076,51,42,NA,NA,NA,NA,NA,2958,48,"NY",36,2,75015,75015,660,730,670,770,34,31,23,25,9,28,29,27,26,26,29,NA
"23","College of the Holy Cross",34627,15036,19031,22581,27807,48257,75,65,NA,NA,NA,NA,NA,2939,62,"MA",25,1,71710,71710,630,700,630,730,32,28,34,38,10,40,38,37,43,33,34,NA
"24","Colorado School of Mines",NA,NA,NA,NA,NA,NA,88,81,17832,30771,21449,17276,32024,4952,75,"CO",8,7,36652,57352,620,710,540,750,33,27,53,49,15,56,40,38,36,37,45,NA
"25","Columbia University in the City of New York",21828,8916,4287,5887,18637,42199,59,53,NA,NA,NA,NA,NA,8216,62,"NY",36,2,79752,79752,700,770,740,800,35,33,5,6,6,6,7,7,7,7,7,NA
"26","Connecticut College",40707,18732,13877,21075,29738,46140,94,94,NA,NA,NA,NA,NA,1844,73,"CT",9,1,74590,74590,650,710,660,740,33,30,37,38,9,38,35,40,38,36,34,NA
"27","Cooper Union for the Advancement of Science and Art",28366,8481,7519,12314,14853,29592,100,100,NA,NA,NA,NA,NA,855,100,"NY",36,2,66713,66713,650,740,655,790,35,30,15,16,6,13,NA,NA,15,8,8,NA
"28","Cornell University",28921,7484,7518,11869,23128,55817,62,48,NA,NA,NA,NA,NA,15182,47,"NY",36,2,76258,76258,680,760,720,800,35,32,11,11,9,13,14,15,14,16,17,NA
"29","Dartmouth College",23869,12052,4830,9044,14238,51782,62,47,NA,NA,NA,NA,NA,4417,53,"NH",33,1,77152,77152,710,770,730,790,35,32,8,9,7,10,11,11,12,10,10,NA
"30","Davidson College",27714,6645,5662,11493,19070,38975,72,68,NA,NA,NA,NA,NA,1843,75,"NC",37,5,70744,70744,650,730,660,755,33,30,18,19,9,20,20,22,22,26,25,NA
"31","Denison University",36650,18990,13909,22652,26544,39782,97,96,NA,NA,NA,NA,NA,2394,96,"OH",39,3,69400,69400,590,680,610,730,31,27,29,34,9,37,44,48,56,46,50,NA
"32","Duke University",24386,-7808,-1314,4150,18375,48680,63,49,NA,NA,NA,NA,NA,6682,58,"NC",37,5,77029,77029,720,770,760,800,35,33,8,9,6,10,11,11,11,13,14,NA
"33","Emerson College",46381,39241,39843,41701,42458,50220,80,76,NA,NA,NA,NA,NA,3855,66,"MA",25,1,72222,72222,610,700,590,710,31,27,33,36,15,46,48,49,49,48,48,NA
"34","Emory University",25942,11468,9629,19672,24657,43267,61,57,NA,NA,NA,NA,NA,7086,59,"GA",13,5,72604,72604,670,740,690,790,34,31,16,19,9,22,25,24,27,26,27,NA
"35","Florida State University",NA,NA,NA,NA,NA,NA,97,96,6816,15074,10583,5360,16000,32472,96,"FL",12,5,22446,35576,610,670,590,670,30,26,36,37,21,49,58,56,55,57,54,NA
"36","Fordham University",39558,23727,25520,33129,37527,43314,90,90,NA,NA,NA,NA,NA,9645,81,"NY",36,2,76891,76891,620,710,620,740,32,28,46,46,15,46,45,48,48,47,43,NA
"37","Franklin W Olin College of Engineering",35310,845,3388,5574,13820,41194,100,100,NA,NA,NA,NA,NA,390,87,"MA",25,1,74286,74286,700,760,760,800,35,34,16,16,7,13,10,11,12,17,19,NA
"38","George Washington University",38829,17614,17924,22287,29282,46572,77,75,NA,NA,NA,NA,NA,12546,66,"DC",11,2,74160,74160,630,720,650,750,33,30,41,42,13,41,40,46,44,33,33,NA
"39","Georgetown University",28442,5248,8678,13933,23835,47674,55,45,NA,NA,NA,NA,NA,7459,42,"DC",11,2,76280,76280,690,760,690,790,35,31,14,15,11,16,17,17,17,17,18,NA
"40","Georgia Institute of Technology-Main Campus",NA,NA,NA,NA,NA,NA,69,66,11454,17846,15213,9162,18182,16049,67,"GA",13,5,29632,50744,630,730,670,780,34,29,21,22,18,23,26,32,33,55,51,NA
"41","Grinnell College",29404,11945,14818,12486,22085,35934,89,87,NA,NA,NA,NA,NA,1716,86,"IA",19,4,70746,70746,670,740,700,790,34,31,23,24,9,29,20,25,28,35,36,NA
"42","Hamilton College",29117,7942,11385,17205,24058,41786,64,62,NA,NA,NA,NA,NA,2005,57,"NY",36,2,72390,72390,670,740,700,780,34,32,16,21,9,24,26,25,26,27,27,NA
"43","Harvard University",18030,2973,1010,3411,15553,46160,73,57,NA,NA,NA,NA,NA,9950,44,"MA",25,1,73800,73800,710,770,750,800,35,33,5,5,7,5,5,6,6,6,6,NA
"44","Harvey Mudd College",39411,16494,23234,14210,24798,50809,75,70,NA,NA,NA,NA,NA,902,68,"CA",6,8,79539,79539,710,770,780,800,35,33,14,14,8,15,13,13,14,18,19,NA
"45","Haverford College",22837,6582,6498,8516,17032,46769,52,47,NA,NA,NA,NA,NA,1310,48,"PA",42,2,76384,76384,680,750,700,790,34,32,16,19,8,20,21,25,25,23,23,NA
"46","Hobart William Smith Colleges",37761,13283,21255,26135,32468,41657,98,98,NA,NA,NA,NA,NA,2229,93,"NY",36,2,74375,74375,590,675,590,690,30,26,66,57,10,64,58,56,48,49,53,NA
"47","Illinois Institute of Technology",26708,17222,18720,22542,24888,28677,100,100,NA,NA,NA,NA,NA,3026,93,"IL",17,3,68262,68262,570,670,620,730,32,26,60,58,12,54,57,53,51,57,54,NA
"48","Johns Hopkins University",28999,3526,8210,9049,19177,43513,67,60,NA,NA,NA,NA,NA,6064,56,"MD",24,2,74028,74028,710,760,750,800,35,33,11,11,7,13,13,14,16,18,18,NA
"49","Kenyon College",37940,12582,8105,13076,25672,45570,73,70,NA,NA,NA,NA,NA,1730,63,"OH",39,3,74550,74550,640,720,630,740,33,29,34,36,10,34,27,26,25,38,36,NA
"50","Lafayette College",26810,6934,11360,17121,26450,48047,57,49,NA,NA,NA,NA,NA,2642,52,"PA",42,2,74016,74016,620,700,630,740,33,28,31,29,10,31,28,30,30,34,34,NA
"51","Lehigh University",26631,14080,13363,19924,26906,45789,69,51,NA,NA,NA,NA,NA,5047,51,"PA",42,2,71465,71465,620,690,660,760,33,29,32,22,9,25,26,30,34,31,33,NA
"52","Loyola Marymount University",47292,32367,35166,34284,40964,49269,93,90,NA,NA,NA,NA,NA,6700,78,"CA",6,8,70446,70446,620,700,610,710,31,27,44,47,10,52,54,51,53,54,50,NA
"53","Macalester College",31458,10158,14047,20102,26382,44320,83,78,NA,NA,NA,NA,NA,2174,81,"MN",27,4,71053,71053,660,740,660,770,33,29,32,41,10,41,37,39,36,34,37,NA
"54","Massachusetts Institute of Technology",20465,4535,1820,6049,14381,38934,74,60,NA,NA,NA,NA,NA,4602,65,"MA",25,1,73160,73160,730,770,780,800,36,34,7,7,3,7,8,8,8,8,9,NA
"55","Middlebury College",23367,6161,8616,14002,20468,40687,53,50,NA,NA,NA,NA,NA,2564,46,"VT",50,1,74248,74248,670,750,690,780,34,32,15,17,8,17,16,17,17,17,18,NA
"56","Muhlenberg College",33603,14567,16160,24785,28153,33994,95,94,NA,NA,NA,NA,NA,2340,88,"PA",42,2,69816,69816,580,680,570,660,31,26,66,62,10,48,48,48,53,46,46,NA
"57","New York University",37739,25937,25771,32733,41038,55206,52,46,NA,NA,NA,NA,NA,26733,47,"NY",36,2,75502,75502,660,740,690,790,34,30,16,20,9,28,32,32,35,32,35,NA
"58","North Carolina State University at Raleigh",NA,NA,NA,NA,NA,NA,68,51,9887,19541,15084,7285,22677,25199,53,"NC",37,5,24259,44378,620,690,630,730,32,27,45,47,14,51,48,50,52,50,53,NA
"59","Northeastern University",36479,10239,12823,17692,25744,43383,78,75,NA,NA,NA,NA,NA,13909,63,"MA",25,1,73236,73236,680,750,710,790,35,32,18,19,14,27,29,28,32,32,32,NA
"60","Northwestern University",26196,1866,3995,6452,16784,43465,64,57,NA,NA,NA,NA,NA,8642,56,"IL",17,3,78654,78654,700,760,740,790,35,33,9,8,6,9,11,13,13,15,18,NA
"61","Oberlin College",43612,9037,11560,22507,26471,43258,88,86,NA,NA,NA,NA,NA,2785,85,"OH",39,3,77124,77124,650,730,630,750,33,29,36,36,9,34,28,29,33,30,31,NA
"62","Occidental College",35362,13146,17662,19364,27417,47265,75,72,NA,NA,NA,NA,NA,1930,71,"CA",6,8,76600,76600,650,730,650,750,32,28,37,37,9,42,46,45,42,42,39,NA
"63","Ohio State University-Main Campus",NA,NA,NA,NA,NA,NA,79,70,10037,21364,13982,8194,24348,46820,65,"OH",39,3,27912,48889,600,690,650,770,32,28,54,52,19,48,54,49,53,56,64,NA
"64","Pepperdine University",42135,31185,29593,31918,33611,45561,92,91,NA,NA,NA,NA,NA,3627,88,"CA",6,8,75312,75312,610,700,620,750,32,27,32,36,14,40,37,38,35,37,38,NA
"65","Pomona College",18500,6945,8655,11811,16877,48423,61,51,NA,NA,NA,NA,NA,1573,63,"CA",6,8,74480,74480,690,750,700,790,35,32,7,8,7,8,9,10,12,14,13,NA
"66","Princeton University",18712,1386,2044,7576,16989,36747,63,62,NA,NA,NA,NA,NA,5428,61,"NJ",34,2,74150,74150,710,770,750,800,35,33,6,5,5,6,7,7,7,7,8,NA
"67","Reed College",32069,13630,13123,19277,26961,47974,60,55,NA,NA,NA,NA,NA,1483,51,"OR",41,8,75671,75671,670,750,655,770,34,30,39,35,9,36,31,35,39,49,36,NA
"68","Rensselaer Polytechnic Institute",41006,22662,24361,26797,34046,43869,84,84,NA,NA,NA,NA,NA,6628,84,"NY",36,2,73816,73816,620,710,670,780,34,28,47,43,13,43,44,42,38,41,44,NA
"69","Rhode Island School of Design",39791,32844,34704,41245,41250,58498,48,39,NA,NA,NA,NA,NA,1994,38,"RI",44,1,72780,72780,610,700,620,770,32,26,26,24,9,29,34,37,33,27,25,NA
"70","Rice University",20335,3437,7534,7318,24321,41517,69,58,NA,NA,NA,NA,NA,3992,63,"TX",48,6,67102,67102,720,770,750,800,35,33,9,11,6,16,15,16,15,17,17,NA
"71","Rochester Institute of Technology",33744,27095,27289,28684,32287,40396,98,95,NA,NA,NA,NA,NA,13513,87,"NY",36,2,61474,61474,600,690,620,720,32,27,71,66,13,57,55,57,57,60,58,NA
"72","Rose-Hulman Institute of Technology",45356,34275,33304,34599,39241,42596,99,99,NA,NA,NA,NA,NA,2085,97,"IN",18,3,70401,70401,600,700,648,760,33,27,74,68,11,61,61,58,59,56,65,NA
"73","Santa Clara University",42114,22356,18949,24848,31362,52361,68,64,NA,NA,NA,NA,NA,5520,69,"CA",6,8,74829,74829,630,700,650,740,32,28,49,50,10,54,48,49,49,51,54,NA
"74","Sarah Lawrence College",40630,25638,27522,28797,32769,42015,86,84,NA,NA,NA,NA,NA,1410,80,"NY",36,2,74740,74740,640,720,600,702,31,28,53,56,9,53,52,53,53,62,60,NA
"75","Scripps College",39702,13300,7880,17090,39505,48277,60,55,NA,NA,NA,NA,NA,1054,58,"CA",6,8,77588,77588,673,740,660,750,33,30,32,24,10,33,30,28,28,36,32,NA
"76","Skidmore College",23589,9372,13986,13787,25087,44963,60,49,NA,NA,NA,NA,NA,2612,46,"NY",36,2,74140,74140,610,700,610,700,32,28,30,27,8,25,29,36,37,35,42,NA
"77","Soka University of America",14439,9831,9210,15583,14519,23890,100,100,NA,NA,NA,NA,NA,428,100,"CA",6,8,50968,50968,590,680,650,750,32,26,40,39,8,37,38,46,43,43,46,NA
"78","Southern Methodist University",40404,26718,27331,31813,34587,43206,82,80,NA,NA,NA,NA,NA,6479,73,"TX",48,6,76710,76710,640,720,660,760,33,29,47,51,11,49,49,49,52,51,54,NA
"79","St Lawrence University",34047,11916,14726,20133,26924,40209,100,100,NA,NA,NA,NA,NA,2441,98,"NY",36,2,73045,73045,590,670,590,680,31,26,42,46,11,48,43,46,48,46,48,NA
"80","St Olaf College",27779,12459,12276,17577,22977,33771,98,97,NA,NA,NA,NA,NA,3048,95,"MN",27,4,62880,62880,590,710,600,720,32,26,48,50,12,43,45,36,51,59,60,NA
"81","Stanford University",16779,-1387,1145,1959,10631,45693,70,56,NA,NA,NA,NA,NA,7087,61,"CA",6,8,74570,74570,700,770,740,800,35,32,4,4,5,5,5,5,5,6,7,NA
"82","Stevens Institute of Technology",40770,26709,27894,29774,34801,43965,99,99,NA,NA,NA,NA,NA,3431,94,"NJ",34,2,72034,72034,640,720,700,780,34,31,40,41,11,44,39,44,44,38,40,NA
"83","Stony Brook University",NA,NA,NA,NA,NA,NA,79,72,12993,19703,18186,10683,22454,17522,61,"NY",36,2,27221,44891,590,690,640,750,32,26,44,42,18,42,41,41,41,39,40,NA
"84","Swarthmore College",19759,5860,8701,13744,25800,39646,63,56,NA,NA,NA,NA,NA,1647,61,"PA",42,2,73932,73932,680,750,700,790,35,31,9,9,8,11,13,12,17,14,14,NA
"85","Syracuse University",43111,17164,21360,24698,27922,46898,82,79,NA,NA,NA,NA,NA,15226,73,"NY",36,2,73069,73069,580,670,600,710,30,26,44,50,15,47,52,48,53,49,51,NA
"86","The University of Texas at Austin",NA,NA,NA,NA,NA,NA,67,46,13575,20454,15757,12203,24670,40804,49,"TX",48,6,27728,55230,620,720,610,760,33,27,32,39,18,36,40,39,40,40,47,NA
"87","Trinity College",27829,6256,9123,14994,21772,46711,56,51,NA,NA,NA,NA,NA,2182,52,"CT",9,1,76850,76850,638,710,660,740,32,29,33,34,9,34,34,33,33,32,34,NA
"88","Trinity University",30505,12373,12991,18012,24520,34835,99,99,NA,NA,NA,NA,NA,2474,95,"TX",48,6,60664,60664,650,720,640,730,32,29,29,34,9,38,41,48,48,64,64,NA
"89","Tufts University",26280,5267,6516,13525,27430,51038,45,37,NA,NA,NA,NA,NA,5643,41,"MA",25,1,76200,76200,680,750,710,790,34,32,15,15,9,15,14,16,17,19,21,NA
"90","Tulane University of Louisiana",40783,23968,24632,26168,34240,44795,79,76,NA,NA,NA,NA,NA,8523,70,"LA",22,5,74884,74884,660,750,700,770,33,31,13,17,8,21,26,30,28,26,27,NA
"91","Union College",39527,14238,14952,20504,30309,44648,85,82,NA,NA,NA,NA,NA,2205,80,"NY",36,2,73410,73410,600,680,620,740,32,27,43,39,10,37,37,38,41,37,38,NA
"92","United States Air Force Academy",NA,NA,NA,NA,NA,NA,NA,NA,NA,NA,NA,NA,NA,NA,NA,"CO",8,0,NA,NA,610,700,620,740,33,28,11,11,8,12,15,17,17,15,10,NA
"93","United States Naval Academy",NA,NA,NA,NA,NA,NA,NA,NA,NA,NA,NA,NA,NA,NA,NA,"MD",24,0,NA,NA,620,710,620,750,32,26,8,9,8,8,8,9,8,7,7,NA
"94","University of California-Berkeley",NA,NA,NA,NA,NA,NA,63,54,9130,21401,13081,8392,32504,30853,57,"CA",6,8,39376,69130,650,740,680,790,35,31,16,15,20,17,17,17,16,18,22,NA
"95","University of California-Los Angeles",NA,NA,NA,NA,NA,NA,61,51,9254,19590,13081,8553,28745,31577,59,"CA",6,8,35793,65547,650,740,650,790,35,29,12,14,18,16,18,17,19,22,27,NA
"96","University of California-San Diego",NA,NA,NA,NA,NA,NA,63,56,9974,20205,14071,9280,28058,30285,58,"CA",6,8,33849,63603,620,710,630,780,34,26,31,30,19,34,36,34,33,38,35,NA
"97","University of California-Santa Barbara",NA,NA,NA,NA,NA,NA,63,57,11895,22226,15343,10316,31226,23070,62,"CA",6,8,36765,66519,620,710,610,770,34,27,30,32,22,33,36,33,36,44,46,NA
"98","University of California-Santa Cruz",NA,NA,NA,NA,NA,NA,70,63,11793,22739,15253,10872,32720,17792,67,"CA",6,8,37297,67051,600,670,600,710,32,26,51,47,19,51,58,50,56,60,67,NA
"99","University of Chicago",34719,2712,2800,7934,17929,43156,57,51,NA,NA,NA,NA,NA,6632,57,"IL",17,3,81531,81531,730,770,770,800,35,33,6,7,5,9,8,8,9,9,13,NA
"100","University of Connecticut",NA,NA,NA,NA,NA,NA,75,61,14157,26179,19243,12381,28653,19133,60,"CT",9,1,34284,56952,590,690,610,720,32,26,49,49,16,48,49,53,50,54,45,NA
"101","University of Florida",NA,NA,NA,NA,NA,NA,92,88,4069,12685,8528,1994,13820,35491,82,"FL",12,5,21211,43489,650,720,660,750,33,28,37,39,18,42,46,48,46,47,44,NA
"102","University of Georgia",NA,NA,NA,NA,NA,NA,97,95,10241,17105,14748,7541,17369,29611,86,"GA",13,5,27450,46490,630,700,610,720,32,27,45,49,17,54,54,53,56,56,63,NA
"103","University of Illinois at Urbana-Champaign",NA,NA,NA,NA,NA,NA,64,50,8464,21998,13351,5477,27310,33915,52,"IL",17,3,30302,47444,600,700,610,770,32,26,59,62,20,62,60,66,59,62,63,NA
"104","University of Maryland-College Park",NA,NA,NA,NA,NA,NA,66,48,12128,22710,18418,8054,25151,30762,49,"MD",24,2,27866,53978,630,710,650,760,34,29,44,47,18,45,48,45,48,47,47,NA
"105","University of Miami",33102,42611,36623,38540,44741,54089,74,70,NA,NA,NA,NA,NA,11117,67,"FL",12,5,70906,70906,630,700,640,740,32,29,27,32,12,36,38,38,38,40,40,NA
"106","University of Michigan-Ann Arbor",NA,NA,NA,NA,NA,NA,65,52,5887,18039,10028,3166,26072,30318,52,"MI",26,3,31056,66698,660,740,680,790,34,31,23,23,11,27,29,26,32,33,37,NA
"107","University of Minnesota-Twin Cities",NA,NA,NA,NA,NA,NA,81,61,8418,19942,12556,7266,24913,34663,56,"MN",27,4,28819,47117,600,710,660,770,31,26,57,52,17,50,44,45,45,44,50,NA
"108","University of North Carolina at Chapel Hill",NA,NA,NA,NA,NA,NA,65,44,6063,18354,11060,4026,22235,19117,52,"NC",37,5,24228,51407,650,730,660,770,33,28,23,23,13,24,27,31,28,28,33,NA
"109","University of Notre Dame",30536,12498,15609,17768,24392,44547,68,56,NA,NA,NA,NA,NA,8617,61,"IN",18,3,74193,74193,680,760,720,790,35,32,16,18,10,19,19,20,21,22,23,NA
"110","University of Pennsylvania",24771,3181,4833,12752,20632,41421,59,49,NA,NA,NA,NA,NA,11851,52,"PA",42,2,77264,77264,700,760,750,800,35,33,8,8,6,9,9,10,10,12,13,NA
"111","University of Pittsburgh-Pittsburgh Campus",NA,NA,NA,NA,NA,NA,77,55,21011,28358,25110,20075,31201,19330,55,"PA",42,2,34409,48437,630,700,630,740,33,28,57,59,14,60,55,54,53,56,58,NA
"112","University of Richmond",25282,9112,9131,12923,24206,46570,64,57,NA,NA,NA,NA,NA,3295,70,"VA",51,5,69750,69750,640,710,650,750,33,30,28,30,8,33,32,31,32,31,30,NA
"113","University of Rochester",32939,15324,14508,23659,29342,44732,81,79,NA,NA,NA,NA,NA,6535,79,"NY",36,2,75190,75190,640,720,670,780,34,30,30,29,10,34,36,34,36,36,35,NA
"114","University of San Diego",35936,22263,23224,25727,30369,41679,82,80,NA,NA,NA,NA,NA,5855,70,"CA",6,8,70999,70999,600,680,590,690,31,26,49,53,14,50,51,52,46,49,43,NA
"115","University of Southern California",37521,14668,16252,20050,30858,52271,69,65,NA,NA,NA,NA,NA,19907,62,"CA",6,8,77459,77459,670,740,690,790,34,31,11,13,9,16,17,18,18,20,20,NA
"116","University of Virginia-Main Campus",NA,NA,NA,NA,NA,NA,57,37,11696,21646,14671,8882,29877,16777,43,"VA",51,5,34094,67196,670,740,670,780,34,30,24,26,15,27,30,30,29,30,30,NA
"117","University of Washington-Seattle Campus",NA,NA,NA,NA,NA,NA,57,43,7467,18110,9694,7850,24879,32099,46,"WA",53,8,28394,55095,600,700,620,770,33,27,52,49,19,46,45,53,55,55,58,NA
"118","University of Wisconsin-Madison",NA,NA,NA,NA,NA,NA,61,49,6860,21860,13227,4367,24574,31705,42,"WI",55,3,26553,53613,630,700,670,780,32,27,54,52,17,54,53,58,57,68,69,NA
"119","Vanderbilt University",25855,3156,6017,8086,14890,36667,68,63,NA,NA,NA,NA,NA,6861,66,"TN",47,5,73148,73148,710,760,750,800,35,33,9,10,7,11,11,12,13,13,14,NA
"120","Vassar College",24811,8186,6080,14900,29046,42777,61,55,NA,NA,NA,NA,NA,2456,64,"NY",36,2,75240,75240,680,750,690,770,34,31,24,25,8,24,27,26,24,24,23,NA
"121","Villanova University",36840,22517,21359,30371,34607,50567,63,52,NA,NA,NA,NA,NA,6917,52,"PA",42,2,73124,73124,650,710,670,760,34,31,28,29,11,36,44,48,49,49,46,NA
"122","Washington and Lee University",23301,1612,2039,4718,13920,38630,66,62,NA,NA,NA,NA,NA,1829,61,"VA",51,5,73900,73900,670,730,690,770,34,32,19,21,8,22,24,24,19,18,19,NA
"123","Washington University in St Louis",27108,5273,6248,11832,25505,45758,51,43,NA,NA,NA,NA,NA,7751,45,"MO",29,4,76910,76910,720,760,760,800,35,33,14,15,7,16,17,17,17,16,18,NA
"124","Webb Institute",19249,NA,730,21075,NA,18075,100,100,NA,NA,NA,NA,NA,104,100,"NY",36,2,72690,72690,680,730,730,790,34,31,24,33,9,35,29,36,33,30,38,NA
"125","Wellesley College",19805,8785,4519,14229,22275,48175,66,57,NA,NA,NA,NA,NA,2534,58,"MA",25,1,75198,75198,680,750,680,780,34,31,22,20,8,22,29,30,30,29,30,NA
"126","Whitman College",41822,22616,23487,26974,33017,47166,88,86,NA,NA,NA,NA,NA,1475,78,"WA",53,8,69532,69532,630,710,610,740,33,28,56,50,9,52,51,43,41,57,49,NA
"127","William & Mary",NA,NA,NA,NA,NA,NA,56,43,4963,20416,11721,4711,33425,6377,49,"VA",51,5,39595,62821,660,740,660,770,34,30,38,37,11,36,37,34,33,33,32,NA
"128","Williams College",17303,2498,2223,7134,14653,40664,63,51,NA,NA,NA,NA,NA,2100,56,"MA",25,1,75520,75520,700,760,710,790,35,32,13,13,6,15,18,18,19,17,17,NA
"129","Yale University",18073,2125,1647,2167,11492,43417,64,56,NA,NA,NA,NA,NA,5964,55,"CT",9,1,76645,76645,720,770,740,800,35,33,6,6,6,7,6,7,6,7,8,NA
